binA,binB,deltaFrames,frame
28,28,1,0
28,29,1,0
28,42,1,0
28,28,2,0
28,29,2,0
28,28,1,1
28,29,1,1
29,28,1,1
29,29,1,1
42,28,1,1
42,29,1,1
28,28,2,1
28,29,2,1
29,28,2,1
29,29,2,1
42,28,2,1
42,29,2,1
28,28,1,2
28,29,1,2
29,28,1,2
29,29,1,2
28,28,2,2
29,28,2,2
28,28,1,3
29,28,1,3
28,28,2,3
29,28,2,3
28,28,1,4
28,27,2,4
28,28,2,4
28,41,2,4
28,27,1,5
28,28,1,5
28,41,1,5
28,27,2,5
28,28,2,5
28,41,2,5
27,27,1,6
27,28,1,6
27,41,1,6
28,27,1,6
28,28,1,6
28,41,1,6
41,27,1,6
41,28,1,6
41,41,1,6
27,28,2,6
28,28,2,6
41,28,2,6
27,28,1,7
28,28,1,7
41,28,1,7
27,28,2,7
27,29,2,7
28,28,2,7
28,29,2,7
41,28,2,7
41,29,2,7
28,28,1,8
28,29,1,8
28,29,2,8
28,30,2,8
28,44,2,8
28,29,1,9
28,30,1,9
28,44,1,9
29,29,1,9
29,30,1,9
29,44,1,9
28,30,2,9
28,31,2,9
28,32,2,9
29,30,2,9
29,31,2,9
29,32,2,9
29,30,1,10
29,31,1,10
29,32,1,10
30,30,1,10
30,31,1,10
30,32,1,10
44,30,1,10
44,31,1,10
44,32,1,10
29,31,2,10
29,32,2,10
30,31,2,10
30,32,2,10
44,31,2,10
44,32,2,10
30,31,1,11
30,32,1,11
31,31,1,11
31,32,1,11
32,31,1,11
32,32,1,11
30,32,2,11
30,33,2,11
30,48,2,11
31,32,2,11
31,33,2,11
31,48,2,11
32,32,2,11
32,33,2,11
32,48,2,11
31,32,1,12
31,33,1,12
31,48,1,12
32,32,1,12
32,33,1,12
32,48,1,12
31,33,2,12
32,33,2,12
32,33,1,13
33,33,1,13
48,33,1,13
32,32,2,13
32,33,2,13
33,32,2,13
33,33,2,13
48,32,2,13
48,33,2,13
33,32,1,14
33,33,1,14
33,32,2,14
32,32,1,15
33,32,1,15
32,31,2,15
33,31,2,15
32,31,1,16
32,29,2,16
32,30,2,16
32,31,2,16
31,29,1,17
31,30,1,17
31,31,1,17
31,28,2,17
31,29,2,17
29,28,1,18
29,29,1,18
30,28,1,18
30,29,1,18
31,28,1,18
31,29,1,18
29,28,2,18
30,28,2,18
31,28,2,18
28,28,1,19
29,28,1,19
28,28,2,19
29,28,2,19
28,28,1,20
28,28,2,20
28,29,2,20
28,30,2,20
28,28,1,21
28,29,1,21
28,30,1,21
28,29,2,21
28,30,2,21
28,31,2,21
28,29,1,22
28,30,1,22
28,31,1,22
29,29,1,22
29,30,1,22
29,31,1,22
30,29,1,22
30,30,1,22
30,31,1,22
28,31,2,22
28,32,2,22
28,33,2,22
29,31,2,22
29,32,2,22
29,33,2,22
30,31,2,22
30,32,2,22
30,33,2,22
29,31,1,23
29,32,1,23
29,33,1,23
30,31,1,23
30,32,1,23
30,33,1,23
31,31,1,23
31,32,1,23
31,33,1,23
29,33,2,23
29,34,2,23
29,35,2,23
30,33,2,23
30,34,2,23
30,35,2,23
31,33,2,23
31,34,2,23
31,35,2,23
31,33,1,24
31,34,1,24
31,35,1,24
32,33,1,24
32,34,1,24
32,35,1,24
33,33,1,24
33,34,1,24
33,35,1,24
31,35,2,24
31,36,2,24
31,37,2,24
32,35,2,24
32,36,2,24
32,37,2,24
33,35,2,24
33,36,2,24
33,37,2,24
33,35,1,25
33,36,1,25
33,37,1,25
34,35,1,25
34,36,1,25
34,37,1,25
35,35,1,25
35,36,1,25
35,37,1,25
33,37,2,25
34,37,2,25
35,37,2,25
35,37,1,26
36,37,1,26
37,37,1,26
35,37,2,26
35,38,2,26
35,56,2,26
36,37,2,26
36,38,2,26
36,56,2,26
37,37,2,26
37,38,2,26
37,56,2,26
37,37,1,27
37,38,1,27
37,56,1,27
37,37,2,27
37,37,1,28
38,37,1,28
56,37,1,28
37,35,2,28
37,36,2,28
37,37,2,28
38,35,2,28
38,36,2,28
38,37,2,28
56,35,2,28
56,36,2,28
56,37,2,28
37,35,1,29
37,36,1,29
37,37,1,29
37,33,2,29
37,34,2,29
37,35,2,29
35,33,1,30
35,34,1,30
35,35,1,30
36,33,1,30
36,34,1,30
36,35,1,30
37,33,1,30
37,34,1,30
37,35,1,30
35,30,2,30
35,31,2,30
35,32,2,30
36,30,2,30
36,31,2,30
36,32,2,30
37,30,2,30
37,31,2,30
37,32,2,30
33,30,1,31
33,31,1,31
33,32,1,31
34,30,1,31
34,31,1,31
34,32,1,31
35,30,1,31
35,31,1,31
35,32,1,31
33,29,2,31
33,30,2,31
33,31,2,31
34,29,2,31
34,30,2,31
34,31,2,31
35,29,2,31
35,30,2,31
35,31,2,31
30,29,1,32
30,30,1,32
30,31,1,32
31,29,1,32
31,30,1,32
31,31,1,32
32,29,1,32
32,30,1,32
32,31,1,32
30,28,2,32
30,29,2,32
31,28,2,32
31,29,2,32
32,28,2,32
32,29,2,32
29,28,1,33
29,29,1,33
30,28,1,33
30,29,1,33
31,28,1,33
31,29,1,33
29,28,2,33
30,28,2,33
31,28,2,33
28,28,1,34
29,28,1,34
28,28,2,34
28,29,2,34
28,30,2,34
29,28,2,34
29,29,2,34
29,30,2,34
28,28,1,35
28,29,1,35
28,30,1,35
28,30,2,35
28,31,2,35
28,32,2,35
28,30,1,36
28,31,1,36
28,32,1,36
29,30,1,36
29,31,1,36
29,32,1,36
30,30,1,36
30,31,1,36
30,32,1,36
28,33,2,36
28,35,2,36
28,36,2,36
29,33,2,36
29,35,2,36
29,36,2,36
30,33,2,36
30,35,2,36
30,36,2,36
30,33,1,37
30,35,1,37
30,36,1,37
31,33,1,37
31,35,1,37
31,36,1,37
32,33,1,37
32,35,1,37
32,36,1,37
30,36,2,37
30,38,2,37
30,39,2,37
31,36,2,37
31,38,2,37
31,39,2,37
32,36,2,37
32,38,2,37
32,39,2,37
33,36,1,38
33,38,1,38
33,39,1,38
35,36,1,38
35,38,1,38
35,39,1,38
36,36,1,38
36,38,1,38
36,39,1,38
33,39,2,38
33,40,2,38
33,41,2,38
35,39,2,38
35,40,2,38
35,41,2,38
36,39,2,38
36,40,2,38
36,41,2,38
36,39,1,39
36,40,1,39
36,41,1,39
38,39,1,39
38,40,1,39
38,41,1,39
39,39,1,39
39,40,1,39
39,41,1,39
36,42,2,39
36,43,2,39
38,42,2,39
38,43,2,39
39,42,2,39
39,43,2,39
39,42,1,40
39,43,1,40
40,42,1,40
40,43,1,40
41,42,1,40
41,43,1,40
39,42,2,40
39,43,2,40
40,42,2,40
40,43,2,40
41,42,2,40
41,43,2,40
42,42,1,41
42,43,1,41
43,42,1,41
43,43,1,41
42,41,2,41
42,42,2,41
42,43,2,41
43,41,2,41
43,42,2,41
43,43,2,41
42,41,1,42
42,42,1,42
42,43,1,42
43,41,1,42
43,42,1,42
43,43,1,42
42,39,2,42
42,40,2,42
42,41,2,42
43,39,2,42
43,40,2,42
43,41,2,42
41,39,1,43
41,40,1,43
41,41,1,43
42,39,1,43
42,40,1,43
42,41,1,43
43,39,1,43
43,40,1,43
43,41,1,43
41,36,2,43
41,38,2,43
41,39,2,43
42,36,2,43
42,38,2,43
42,39,2,43
43,36,2,43
43,38,2,43
43,39,2,43
39,36,1,44
39,38,1,44
39,39,1,44
40,36,1,44
40,38,1,44
40,39,1,44
41,36,1,44
41,38,1,44
41,39,1,44
39,32,2,44
39,33,2,44
39,35,2,44
40,32,2,44
40,33,2,44
40,35,2,44
41,32,2,44
41,33,2,44
41,35,2,44
36,32,1,45
36,33,1,45
36,35,1,45
38,32,1,45
38,33,1,45
38,35,1,45
39,32,1,45
39,33,1,45
39,35,1,45
36,30,2,45
36,31,2,45
36,32,2,45
38,30,2,45
38,31,2,45
38,32,2,45
39,30,2,45
39,31,2,45
39,32,2,45
32,30,1,46
32,31,1,46
32,32,1,46
33,30,1,46
33,31,1,46
33,32,1,46
35,30,1,46
35,31,1,46
35,32,1,46
32,28,2,46
32,29,2,46
33,28,2,46
33,29,2,46
35,28,2,46
35,29,2,46
30,28,1,47
30,29,1,47
31,28,1,47
31,29,1,47
32,28,1,47
32,29,1,47
30,28,2,47
30,29,2,47
31,28,2,47
31,29,2,47
32,28,2,47
32,29,2,47
28,28,1,48
28,29,1,48
29,28,1,48
29,29,1,48
28,29,2,48
28,30,2,48
28,31,2,48
29,29,2,48
29,30,2,48
29,31,2,48
28,29,1,49
28,30,1,49
28,31,1,49
29,29,1,49
29,30,1,49
29,31,1,49
28,30,2,49
28,31,2,49
28,33,2,49
29,30,2,49
29,31,2,49
29,33,2,49
29,30,1,50
29,31,1,50
29,33,1,50
30,30,1,50
30,31,1,50
30,33,1,50
31,30,1,50
31,31,1,50
31,33,1,50
29,34,2,50
29,35,2,50
29,38,2,50
30,34,2,50
30,35,2,50
30,38,2,50
31,34,2,50
31,35,2,50
31,38,2,50
30,34,1,51
30,35,1,51
30,38,1,51
31,34,1,51
31,35,1,51
31,38,1,51
33,34,1,51
33,35,1,51
33,38,1,51
30,38,2,51
30,41,2,51
30,42,2,51
31,38,2,51
31,41,2,51
31,42,2,51
33,38,2,51
33,41,2,51
33,42,2,51
34,38,1,52
34,41,1,52
34,42,1,52
35,38,1,52
35,41,1,52
35,42,1,52
38,38,1,52
38,41,1,52
38,42,1,52
34,42,2,52
34,43,2,52
34,45,2,52
35,42,2,52
35,43,2,52
35,45,2,52
38,42,2,52
38,43,2,52
38,45,2,52
38,42,1,53
38,43,1,53
38,45,1,53
41,42,1,53
41,43,1,53
41,45,1,53
42,42,1,53
42,43,1,53
42,45,1,53
38,45,2,53
38,46,2,53
38,47,2,53
41,45,2,53
41,46,2,53
41,47,2,53
42,45,2,53
42,46,2,53
42,47,2,53
42,45,1,54
42,46,1,54
42,47,1,54
43,45,1,54
43,46,1,54
43,47,1,54
45,45,1,54
45,46,1,54
45,47,1,54
42,47,2,54
42,48,2,54
42,71,2,54
43,47,2,54
43,48,2,54
43,71,2,54
45,47,2,54
45,48,2,54
45,71,2,54
45,47,1,55
45,48,1,55
45,71,1,55
46,47,1,55
46,48,1,55
46,71,1,55
47,47,1,55
47,48,1,55
47,71,1,55
45,46,2,55
45,47,2,55
45,48,2,55
46,46,2,55
46,47,2,55
46,48,2,55
47,46,2,55
47,47,2,55
47,48,2,55
47,46,1,56
47,47,1,56
47,48,1,56
48,46,1,56
48,47,1,56
48,48,1,56
71,46,1,56
71,47,1,56
71,48,1,56
47,43,2,56
47,45,2,56
47,46,2,56
48,43,2,56
48,45,2,56
48,46,2,56
71,43,2,56
71,45,2,56
71,46,2,56
46,43,1,57
46,45,1,57
46,46,1,57
47,43,1,57
47,45,1,57
47,46,1,57
48,43,1,57
48,45,1,57
48,46,1,57
46,39,2,57
46,42,2,57
46,43,2,57
47,39,2,57
47,42,2,57
47,43,2,57
48,39,2,57
48,42,2,57
48,43,2,57
43,39,1,58
43,42,1,58
43,43,1,58
45,39,1,58
45,42,1,58
45,43,1,58
46,39,1,58
46,42,1,58
46,43,1,58
43,34,2,58
43,35,2,58
43,38,2,58
45,34,2,58
45,35,2,58
45,38,2,58
46,34,2,58
46,35,2,58
46,38,2,58
39,34,1,59
39,35,1,59
39,38,1,59
42,34,1,59
42,35,1,59
42,38,1,59
43,34,1,59
43,35,1,59
43,38,1,59
39,31,2,59
39,32,2,59
39,34,2,59
42,31,2,59
42,32,2,59
42,34,2,59
43,31,2,59
43,32,2,59
43,34,2,59
34,31,1,60
34,32,1,60
34,34,1,60
35,31,1,60
35,32,1,60
35,34,1,60
38,31,1,60
38,32,1,60
38,34,1,60
34,29,2,60
34,30,2,60
34,31,2,60
35,29,2,60
35,30,2,60
35,31,2,60
38,29,2,60
38,30,2,60
38,31,2,60
31,29,1,61
31,30,1,61
31,31,1,61
32,29,1,61
32,30,1,61
32,31,1,61
34,29,1,61
34,30,1,61
34,31,1,61
31,28,2,61
31,29,2,61
32,28,2,61
32,29,2,61
34,28,2,61
34,29,2,61
29,28,1,62
29,29,1,62
30,28,1,62
30,29,1,62
31,28,1,62
31,29,1,62
29,29,2,62
29,30,2,62
29,31,2,62
30,29,2,62
30,30,2,62
30,31,2,62
31,29,2,62
31,30,2,62
31,31,2,62
28,29,1,63
28,30,1,63
28,31,1,63
29,29,1,63
29,30,1,63
29,31,1,63
28,31,2,63
28,32,2,63
28,35,2,63
29,31,2,63
29,32,2,63
29,35,2,63
29,31,1,64
29,32,1,64
29,35,1,64
30,31,1,64
30,32,1,64
30,35,1,64
31,31,1,64
31,32,1,64
31,35,1,64
29,35,2,64
29,37,2,64
29,39,2,64
30,35,2,64
30,37,2,64
30,39,2,64
31,35,2,64
31,37,2,64
31,39,2,64
31,35,1,65
31,37,1,65
31,39,1,65
32,35,1,65
32,37,1,65
32,39,1,65
35,35,1,65
35,37,1,65
35,39,1,65
31,40,2,65
31,44,2,65
31,45,2,65
32,40,2,65
32,44,2,65
32,45,2,65
35,40,2,65
35,44,2,65
35,45,2,65
35,40,1,66
35,44,1,66
35,45,1,66
37,40,1,66
37,44,1,66
37,45,1,66
39,40,1,66
39,44,1,66
39,45,1,66
35,45,2,66
35,48,2,66
35,49,2,66
37,45,2,66
37,48,2,66
37,49,2,66
39,45,2,66
39,48,2,66
39,49,2,66
40,45,1,67
40,48,1,67
40,49,1,67
44,45,1,67
44,48,1,67
44,49,1,67
45,45,1,67
45,48,1,67
45,49,1,67
40,50,2,67
40,51,2,67
40,52,2,67
44,50,2,67
44,51,2,67
44,52,2,67
45,50,2,67
45,51,2,67
45,52,2,67
45,50,1,68
45,51,1,68
45,52,1,68
48,50,1,68
48,51,1,68
48,52,1,68
49,50,1,68
49,51,1,68
49,52,1,68
45,52,2,68
45,53,2,68
45,78,2,68
48,52,2,68
48,53,2,68
48,78,2,68
49,52,2,68
49,53,2,68
49,78,2,68
50,52,1,69
50,53,1,69
50,78,1,69
51,52,1,69
51,53,1,69
51,78,1,69
52,52,1,69
52,53,1,69
52,78,1,69
50,51,2,69
50,52,2,69
50,53,2,69
51,51,2,69
51,52,2,69
51,53,2,69
52,51,2,69
52,52,2,69
52,53,2,69
52,51,1,70
52,52,1,70
52,53,1,70
53,51,1,70
53,52,1,70
53,53,1,70
78,51,1,70
78,52,1,70
78,53,1,70
52,48,2,70
52,50,2,70
52,51,2,70
53,48,2,70
53,50,2,70
53,51,2,70
78,48,2,70
78,50,2,70
78,51,2,70
51,48,1,71
51,50,1,71
51,51,1,71
52,48,1,71
52,50,1,71
52,51,1,71
53,48,1,71
53,50,1,71
53,51,1,71
51,42,2,71
51,43,2,71
51,47,2,71
52,42,2,71
52,43,2,71
52,47,2,71
53,42,2,71
53,43,2,71
53,47,2,71
48,42,1,72
48,43,1,72
48,47,1,72
50,42,1,72
50,43,1,72
50,47,1,72
51,42,1,72
51,43,1,72
51,47,1,72
48,36,2,72
48,37,2,72
48,42,2,72
50,36,2,72
50,37,2,72
50,42,2,72
51,36,2,72
51,37,2,72
51,42,2,72
42,36,1,73
42,37,1,73
42,42,1,73
43,36,1,73
43,37,1,73
43,42,1,73
47,36,1,73
47,37,1,73
47,42,1,73
42,32,2,73
42,33,2,73
42,36,2,73
43,32,2,73
43,33,2,73
43,36,2,73
47,32,2,73
47,33,2,73
47,36,2,73
36,32,1,74
36,33,1,74
36,36,1,74
37,32,1,74
37,33,1,74
37,36,1,74
42,32,1,74
42,33,1,74
42,36,1,74
36,29,2,74
36,30,2,74
36,32,2,74
37,29,2,74
37,30,2,74
37,32,2,74
42,29,2,74
42,30,2,74
42,32,2,74
32,29,1,75
32,30,1,75
32,32,1,75
33,29,1,75
33,30,1,75
33,32,1,75
36,29,1,75
36,30,1,75
36,32,1,75
32,29,2,75
33,29,2,75
36,29,2,75
29,29,1,76
30,29,1,76
32,29,1,76
29,29,2,76
29,30,2,76
29,31,2,76
30,29,2,76
30,30,2,76
30,31,2,76
32,29,2,76
32,30,2,76
32,31,2,76
29,29,1,77
29,30,1,77
29,31,1,77
29,31,2,77
29,32,2,77
29,35,2,77
29,31,1,78
29,32,1,78
29,35,1,78
30,31,1,78
30,32,1,78
30,35,1,78
31,31,1,78
31,32,1,78
31,35,1,78
29,35,2,78
29,38,2,78
29,41,2,78
30,35,2,78
30,38,2,78
30,41,2,78
31,35,2,78
31,38,2,78
31,41,2,78
31,35,1,79
31,38,1,79
31,41,1,79
32,35,1,79
32,38,1,79
32,41,1,79
35,35,1,79
35,38,1,79
35,41,1,79
31,41,2,79
31,47,2,79
31,48,2,79
32,41,2,79
32,47,2,79
32,48,2,79
35,41,2,79
35,47,2,79
35,48,2,79
35,41,1,80
35,47,1,80
35,48,1,80
38,41,1,80
38,47,1,80
38,48,1,80
41,41,1,80
41,47,1,80
41,48,1,80
35,50,2,80
35,52,2,80
35,53,2,80
38,50,2,80
38,52,2,80
38,53,2,80
41,50,2,80
41,52,2,80
41,53,2,80
41,50,1,81
41,52,1,81
41,53,1,81
47,50,1,81
47,52,1,81
47,53,1,81
48,50,1,81
48,52,1,81
48,53,1,81
41,54,2,81
41,56,2,81
41,57,2,81
47,54,2,81
47,56,2,81
47,57,2,81
48,54,2,81
48,56,2,81
48,57,2,81
50,54,1,82
50,56,1,82
50,57,1,82
52,54,1,82
52,56,1,82
52,57,1,82
53,54,1,82
53,56,1,82
53,57,1,82
50,56,2,82
50,57,2,82
50,58,2,82
52,56,2,82
52,57,2,82
52,58,2,82
53,56,2,82
53,57,2,82
53,58,2,82
54,56,1,83
54,57,1,83
54,58,1,83
56,56,1,83
56,57,1,83
56,58,1,83
57,56,1,83
57,57,1,83
57,58,1,83
54,56,2,83
54,57,2,83
54,58,2,83
56,56,2,83
56,57,2,83
56,58,2,83
57,56,2,83
57,57,2,83
57,58,2,83
56,56,1,84
56,57,1,84
56,58,1,84
57,56,1,84
57,57,1,84
57,58,1,84
58,56,1,84
58,57,1,84
58,58,1,84
56,52,2,84
56,55,2,84
56,56,2,84
57,52,2,84
57,55,2,84
57,56,2,84
58,52,2,84
58,55,2,84
58,56,2,84
56,52,1,85
56,55,1,85
56,56,1,85
57,52,1,85
57,55,1,85
57,56,1,85
58,52,1,85
58,55,1,85
58,56,1,85
56,46,2,85
56,49,2,85
56,52,2,85
57,46,2,85
57,49,2,85
57,52,2,85
58,46,2,85
58,49,2,85
58,52,2,85
52,46,1,86
52,49,1,86
52,52,1,86
55,46,1,86
55,49,1,86
55,52,1,86
56,46,1,86
56,49,1,86
56,52,1,86
52,39,2,86
52,40,2,86
52,46,2,86
55,39,2,86
55,40,2,86
55,46,2,86
56,39,2,86
56,40,2,86
56,46,2,86
46,39,1,87
46,40,1,87
46,46,1,87
49,39,1,87
49,40,1,87
49,46,1,87
52,39,1,87
52,40,1,87
52,46,1,87
46,34,2,87
46,37,2,87
46,40,2,87
49,34,2,87
49,37,2,87
49,40,2,87
52,34,2,87
52,37,2,87
52,40,2,87
39,34,1,88
39,37,1,88
39,40,1,88
40,34,1,88
40,37,1,88
40,40,1,88
46,34,1,88
46,37,1,88
46,40,1,88
39,30,2,88
39,31,2,88
39,34,2,88
40,30,2,88
40,31,2,88
40,34,2,88
46,30,2,88
46,31,2,88
46,34,2,88
34,30,1,89
34,31,1,89
34,34,1,89
37,30,1,89
37,31,1,89
37,34,1,89
40,30,1,89
40,31,1,89
40,34,1,89
34,29,2,89
34,30,2,89
37,29,2,89
37,30,2,89
40,29,2,89
40,30,2,89
30,29,1,90
30,30,1,90
31,29,1,90
31,30,1,90
34,29,1,90
34,30,1,90
30,29,2,90
30,30,2,90
30,31,2,90
31,29,2,90
31,30,2,90
31,31,2,90
34,29,2,90
34,30,2,90
34,31,2,90
29,29,1,91
29,30,1,91
29,31,1,91
30,29,1,91
30,30,1,91
30,31,1,91
29,31,2,91
29,32,2,91
29,35,2,91
30,31,2,91
30,32,2,91
30,35,2,91
29,31,1,92
29,32,1,92
29,35,1,92
30,31,1,92
30,32,1,92
30,35,1,92
31,31,1,92
31,32,1,92
31,35,1,92
29,35,2,92
29,36,2,92
29,43,2,92
30,35,2,92
30,36,2,92
30,43,2,92
31,35,2,92
31,36,2,92
31,43,2,92
31,35,1,93
31,36,1,93
31,43,1,93
32,35,1,93
32,36,1,93
32,43,1,93
35,35,1,93
35,36,1,93
35,43,1,93
31,42,2,93
31,45,2,93
31,50,2,93
32,42,2,93
32,45,2,93
32,50,2,93
35,42,2,93
35,45,2,93
35,50,2,93
35,42,1,94
35,45,1,94
35,50,1,94
36,42,1,94
36,45,1,94
36,50,1,94
43,42,1,94
43,45,1,94
43,50,1,94
35,49,2,94
35,56,2,94
35,57,2,94
36,49,2,94
36,56,2,94
36,57,2,94
43,49,2,94
43,56,2,94
43,57,2,94
42,49,1,95
42,56,1,95
42,57,1,95
45,49,1,95
45,56,1,95
45,57,1,95
50,49,1,95
50,56,1,95
50,57,1,95
42,58,2,95
42,60,2,95
42,61,2,95
45,58,2,95
45,60,2,95
45,61,2,95
50,58,2,95
50,60,2,95
50,61,2,95
49,58,1,96
49,60,1,96
49,61,1,96
56,58,1,96
56,60,1,96
56,61,1,96
57,58,1,96
57,60,1,96
57,61,1,96
49,61,2,96
49,62,2,96
49,63,2,96
56,61,2,96
56,62,2,96
56,63,2,96
57,61,2,96
57,62,2,96
57,63,2,96
58,61,1,97
58,62,1,97
58,63,1,97
60,61,1,97
60,62,1,97
60,63,1,97
61,61,1,97
61,62,1,97
61,63,1,97
58,61,2,97
58,62,2,97
58,63,2,97
60,61,2,97
60,62,2,97
60,63,2,97
61,61,2,97
61,62,2,97
61,63,2,97
61,61,1,98
61,62,1,98
61,63,1,98
62,61,1,98
62,62,1,98
62,63,1,98
63,61,1,98
63,62,1,98
63,63,1,98
61,57,2,98
61,60,2,98
61,61,2,98
62,57,2,98
62,60,2,98
62,61,2,98
63,57,2,98
63,60,2,98
63,61,2,98
61,57,1,99
61,60,1,99
61,61,1,99
62,57,1,99
62,60,1,99
62,61,1,99
63,57,1,99
63,60,1,99
63,61,1,99
61,50,2,99
61,57,2,99
61,58,2,99
62,50,2,99
62,57,2,99
62,58,2,99
63,50,2,99
63,57,2,99
63,58,2,99
57,50,1,100
57,57,1,100
57,58,1,100
60,50,1,100
60,57,1,100
60,58,1,100
61,50,1,100
61,57,1,100
61,58,1,100
57,42,2,100
57,43,2,100
57,51,2,100
60,42,2,100
60,43,2,100
60,51,2,100
61,42,2,100
61,43,2,100
61,51,2,100
50,42,1,101
50,43,1,101
50,51,1,101
57,42,1,101
57,43,1,101
57,51,1,101
58,42,1,101
58,43,1,101
58,51,1,101
50,36,2,101
50,37,2,101
50,43,2,101
57,36,2,101
57,37,2,101
57,43,2,101
58,36,2,101
58,37,2,101
58,43,2,101
42,36,1,102
42,37,1,102
42,43,1,102
43,36,1,102
43,37,1,102
43,43,1,102
51,36,1,102
51,37,1,102
51,43,1,102
42,31,2,102
42,32,2,102
42,34,2,102
43,31,2,102
43,32,2,102
43,34,2,102
51,31,2,102
51,32,2,102
51,34,2,102
36,31,1,103
36,32,1,103
36,34,1,103
37,31,1,103
37,32,1,103
37,34,1,103
43,31,1,103
43,32,1,103
43,34,1,103
36,29,2,103
36,30,2,103
36,31,2,103
37,29,2,103
37,30,2,103
37,31,2,103
43,29,2,103
43,30,2,103
43,31,2,103
31,29,1,104
31,30,1,104
31,31,1,104
32,29,1,104
32,30,1,104
32,31,1,104
34,29,1,104
34,30,1,104
34,31,1,104
31,29,2,104
31,30,2,104
31,31,2,104
32,29,2,104
32,30,2,104
32,31,2,104
34,29,2,104
34,30,2,104
34,31,2,104
29,29,1,105
29,30,1,105
29,31,1,105
30,29,1,105
30,30,1,105
30,31,1,105
31,29,1,105
31,30,1,105
31,31,1,105
29,30,2,105
29,31,2,105
29,33,2,105
30,30,2,105
30,31,2,105
30,33,2,105
31,30,2,105
31,31,2,105
31,33,2,105
29,30,1,106
29,31,1,106
29,33,1,106
30,30,1,106
30,31,1,106
30,33,1,106
31,30,1,106
31,31,1,106
31,33,1,106
29,35,2,106
29,36,2,106
29,43,2,106
30,35,2,106
30,36,2,106
30,43,2,106
31,35,2,106
31,36,2,106
31,43,2,106
30,35,1,107
30,36,1,107
30,43,1,107
31,35,1,107
31,36,1,107
31,43,1,107
33,35,1,107
33,36,1,107
33,43,1,107
30,42,2,107
30,43,2,107
30,52,2,107
31,42,2,107
31,43,2,107
31,52,2,107
33,42,2,107
33,43,2,107
33,52,2,107
35,42,1,108
35,43,1,108
35,52,1,108
36,42,1,108
36,43,1,108
36,52,1,108
43,42,1,108
43,43,1,108
43,52,1,108
35,50,2,108
35,59,2,108
35,60,2,108
36,50,2,108
36,59,2,108
36,60,2,108
43,50,2,108
43,59,2,108
43,60,2,108
42,50,1,109
42,59,1,109
42,60,1,109
43,50,1,109
43,59,1,109
43,60,1,109
52,50,1,109
52,59,1,109
52,60,1,109
42,62,2,109
42,64,2,109
42,65,2,109
43,62,2,109
43,64,2,109
43,65,2,109
52,62,2,109
52,64,2,109
52,65,2,109
50,62,1,110
50,64,1,110
50,65,1,110
59,62,1,110
59,64,1,110
59,65,1,110
60,62,1,110
60,64,1,110
60,65,1,110
50,65,2,110
50,67,2,110
50,68,2,110
59,65,2,110
59,67,2,110
59,68,2,110
60,65,2,110
60,67,2,110
60,68,2,110
62,65,1,111
62,67,1,111
62,68,1,111
64,65,1,111
64,67,1,111
64,68,1,111
65,65,1,111
65,67,1,111
65,68,1,111
62,66,2,111
62,67,2,111
62,68,2,111
64,66,2,111
64,67,2,111
64,68,2,111
65,66,2,111
65,67,2,111
65,68,2,111
65,66,1,112
65,67,1,112
65,68,1,112
67,66,1,112
67,67,1,112
67,68,1,112
68,66,1,112
68,67,1,112
68,68,1,112
65,64,2,112
65,66,2,112
65,67,2,112
67,64,2,112
67,66,2,112
67,67,2,112
68,64,2,112
68,66,2,112
68,67,2,112
66,64,1,113
66,66,1,113
66,67,1,113
67,64,1,113
67,66,1,113
67,67,1,113
68,64,1,113
68,66,1,113
68,67,1,113
66,60,2,113
66,62,2,113
66,63,2,113
67,60,2,113
67,62,2,113
67,63,2,113
68,60,2,113
68,62,2,113
68,63,2,113
64,60,1,114
64,62,1,114
64,63,1,114
66,60,1,114
66,62,1,114
66,63,1,114
67,60,1,114
67,62,1,114
67,63,1,114
64,46,2,114
64,55,2,114
64,56,2,114
66,46,2,114
66,55,2,114
66,56,2,114
67,46,2,114
67,55,2,114
67,56,2,114
60,46,1,115
60,55,1,115
60,56,1,115
62,46,1,115
62,55,1,115
62,56,1,115
63,46,1,115
63,55,1,115
63,56,1,115
60,38,2,115
60,39,2,115
60,48,2,115
62,38,2,115
62,39,2,115
62,48,2,115
63,38,2,115
63,39,2,115
63,48,2,115
46,38,1,116
46,39,1,116
46,48,1,116
55,38,1,116
55,39,1,116
55,48,1,116
56,38,1,116
56,39,1,116
56,48,1,116
46,32,2,116
46,33,2,116
46,39,2,116
55,32,2,116
55,33,2,116
55,39,2,116
56,32,2,116
56,33,2,116
56,39,2,116
38,32,1,117
38,33,1,117
38,39,1,117
39,32,1,117
39,33,1,117
39,39,1,117
48,32,1,117
48,33,1,117
48,39,1,117
38,29,2,117
38,30,2,117
38,32,2,117
39,29,2,117
39,30,2,117
39,32,2,117
48,29,2,117
48,30,2,117
48,32,2,117
32,29,1,118
32,30,1,118
32,32,1,118
33,29,1,118
33,30,1,118
33,32,1,118
39,29,1,118
39,30,1,118
39,32,1,118
32,29,2,118
32,30,2,118
32,31,2,118
33,29,2,118
33,30,2,118
33,31,2,118
39,29,2,118
39,30,2,118
39,31,2,118
29,29,1,119
29,30,1,119
29,31,1,119
30,29,1,119
30,30,1,119
30,31,1,119
32,29,1,119
32,30,1,119
32,31,1,119
29,30,2,119
29,31,2,119
29,33,2,119
30,30,2,119
30,31,2,119
30,33,2,119
32,30,2,119
32,31,2,119
32,33,2,119
29,30,1,120
29,31,1,120
29,33,1,120
30,30,1,120
30,31,1,120
30,33,1,120
31,30,1,120
31,31,1,120
31,33,1,120
29,34,2,120
29,35,2,120
29,38,2,120
30,34,2,120
30,35,2,120
30,38,2,120
31,34,2,120
31,35,2,120
31,38,2,120
30,34,1,121
30,35,1,121
30,38,1,121
31,34,1,121
31,35,1,121
31,38,1,121
33,34,1,121
33,35,1,121
33,38,1,121
30,41,2,121
30,42,2,121
30,53,2,121
31,41,2,121
31,42,2,121
31,53,2,121
33,41,2,121
33,42,2,121
33,53,2,121
34,41,1,122
34,42,1,122
34,53,1,122
35,41,1,122
35,42,1,122
35,53,1,122
38,41,1,122
38,42,1,122
38,53,1,122
